Timestamp,Device,Action,Files_Changed,Branch
2026-02-08 20:07:12,SM-S916U1,PULL_SYNC,,
2026-02-08 20:10:39,SM-S916U1,PULL_SYNC,,
2026-02-08 20:21:19,SM-S916U1,PUSH_BACKUP,,
2026-02-08 20:21:34,SM-S916U1,PUSH_BACKUP,,
2026-02-08 20:22:21,SM-S916U1,PUSH_BACKUP,,
2026-02-08 20:24:18,SM-S916U1,PUSH_BACKUP,,
2026-02-08 20:24:40,SM-S916U1,PUSH_BACKUP,,
2026-02-08 20:25:26,SM-S916U1,PUSH_BACKUP,,
2026-02-08 20:31:49,SM-S916U1,PUSH_BACKUP,,
2026-07-03 17:41:01,SM-S916U1,NO_CHANGES,0,main
2026-10-04 10:45:02,SM-S916U1,PUSH_BACKUP,1,main
